release_year,imdb_score,encoded_type,encoded_genre
1926,8.2,0,1
1940,7.8,0,3
1945,7.3,0,16
1936,4.0,0,4
1916,7.7,0,9
1946,7.3,0,16
1925,7.5,0,10
1932,7.1,0,16
1928,7.8,0,6
1921,8.3,0,6
1950,7.4,0,6
1945,7.8,0,16
1939,6.3,0,3
1924,7.7,0,13
1950,7.2,0,4
1942,6.7,0,8
1939,7.3,0,13
1934,7.0,0,6
1940,6.5,0,13
1939,7.1,0,3
1950,6.3,0,6
1946,7.4,0,16
1925,7.2,0,3
1941,7.6,0,13
1931,6.2,0,3
1932,6.3,0,10
1932,6.0,0,13
1925,7.0,0,8
1933,7.0,0,9
1945,7.1,0,6
1932,6.4,0,6
1934,5.3,0,6
1950,6.5,0,6
1942,7.0,0,5
1940,6.2,0,18
1945,5.9,0,1
1950,7.2,0,6
1947,7.1,0,3
1937,6.9,0,13
1941,7.1,0,13
1949,7.1,0,16
1938,6.7,0,6
1943,5.1,0,6
1919,7.3,0,13
1949,7.3,0,4
1921,7.3,0,6
1946,7.4,0,17
1947,6.8,0,16
1944,7.3,0,17
1947,6.4,0,6
1944,5.9,0,17
1949,7.0,0,16
1927,7.0,0,3
1940,5.5,0,10
1922,4.9,0,10
1943,6.5,0,16
1933,6.9,0,4
1945,6.6,0,16
1947,6.4,0,16
1939,6.6,0,1
1949,6.7,0,13
1933,5.7,0,10
1931,6.8,0,10
1941,6.0,0,13
1947,6.8,0,16
1920,6.4,0,6
1920,7.4,0,13
1943,5.0,0,3
1920,7.1,0,18
1946,6.8,0,16
1946,6.3,0,11
1941,5.2,0,3
1934,7.0,0,13
1934,6.2,0,3
1947,6.8,0,18
1941,6.6,0,13
1933,6.4,0,6
1942,3.5,0,10
1936,3.4,0,10
1949,6.2,0,6
1945,6.3,0,6
1918,5.8,0,1
1949,5.7,0,18
1943,6.1,0,18
1942,5.3,0,10
1946,6.8,0,4
1936,7.2,0,6
1920,6.7,0,6
1920,5.9,0,6
1929,7.0,0,1
1926,7.1,0,6
1949,5.6,0,16
1941,5.4,0,10
1937,6.2,0,6
1934,3.7,0,10
1947,4.0,0,16
1929,5.8,0,11
1943,6.3,0,13
1933,4.9,0,1
1939,4.8,0,16
1943,6.0,0,6
1935,6.8,0,18
1950,7.3,0,6
1944,4.8,0,10
1936,5.3,0,6
1934,5.3,0,18
1939,6.6,0,3
1944,5.3,0,16
1926,7.4,0,6
1950,6.7,0,16
1947,6.4,0,6
1950,6.3,0,6
1950,6.6,0,13
1939,6.8,0,6
1934,5.5,0,4
1935,4.2,0,13
1943,6.3,0,3
1942,4.5,0,14
1940,6.5,0,8
1914,5.8,0,8
1943,7.1,0,5
1925,6.6,0,13
1946,5.5,0,6
1934,5.1,0,18
1941,6.3,0,5
1950,5.9,0,6
1944,6.5,0,17
1948,5.6,0,18
1924,7.1,0,3
1948,5.9,0,18
1937,5.6,0,6
1941,5.2,0,16
1940,4.9,0,3
1918,6.6,0,6
1919,6.9,0,6
1945,5.4,0,6
1940,6.6,0,6
1938,5.8,0,18
1941,5.9,0,18
1950,5.3,0,18
1946,6.8,0,8
1943,5.3,0,6
1938,3.9,0,3
1933,5.4,0,18
1935,4.1,0,10
1933,5.2,0,16
1936,6.5,0,3
1932,4.1,0,16
1935,4.4,0,1
1944,6.4,0,18
1925,6.8,0,3
1914,5.4,0,8
1934,5.6,0,10
1946,6.6,0,13
1946,6.8,0,5
1945,6.0,0,6
1947,6.4,0,3
1949,5.4,0,18
1931,6.1,0,3
1937,5.1,0,3
1936,5.6,0,18
1935,3.6,0,6
1939,6.8,0,3
1919,6.9,0,6
1932,5.6,0,1
1931,5.1,0,18
1941,6.6,0,18
1934,5.3,0,18
1946,6.2,0,18
1949,6.0,0,4
1922,5.5,0,4
1943,6.7,0,3
1949,4.3,0,6
1946,5.9,0,3
1947,5.6,0,6
1935,5.7,0,6
1933,6.3,0,13
1935,5.3,0,18
1934,5.7,0,16
1935,5.1,0,18
1950,5.8,0,13
1938,7.0,0,3
1944,7.0,0,5
1950,6.8,0,16
1942,5.9,0,3
1949,5.2,0,1
1950,5.6,0,18
1936,5.7,0,18
1948,5.5,0,7
1938,5.4,0,6
1946,6.6,0,18
1942,5.6,0,6
1938,5.6,0,18
1938,4.8,0,13
1935,4.8,0,16
1941,5.8,0,18
1932,5.8,0,3
1935,5.1,0,18
1941,6.6,0,18
1916,6.4,0,6
1946,6.4,0,18
1931,6.2,0,6
1940,6.2,0,1
1936,6.2,0,6
1942,5.8,0,13
1936,5.9,0,18
1937,6.2,0,3
1950,6.0,0,16
1939,6.6,0,6
1939,5.7,0,6
1943,5.8,0,13
1934,5.6,0,18
1939,5.5,0,3
1936,4.5,0,18
1941,6.0,0,3
1934,5.6,0,18
1917,6.1,0,6
1935,5.0,0,6
1947,6.2,0,18
1936,5.6,0,18
1942,5.3,0,13
1941,6.0,0,3
1939,6.3,0,18
1941,5.7,0,6
1933,5.4,0,18
1941,5.5,0,3
1943,7.0,0,17
1930,4.9,0,3
1933,5.6,0,16
1940,5.7,0,3
1920,5.7,0,13
1944,5.4,0,6
1947,5.2,0,11
1942,4.5,0,3
1930,5.5,0,13
1942,6.0,0,13
1934,5.2,0,18
1938,5.9,0,18
1943,5.6,0,13
1947,5.6,0,18
1947,6.1,0,16
1937,5.6,0,18
1943,6.4,0,18
1937,5.6,0,3
1938,4.5,0,1
1943,6.3,0,18
1934,5.0,0,16
1943,5.4,0,16
1943,6.4,0,18
1948,5.7,0,6
1922,6.7,0,6
1937,5.7,0,4
1940,5.8,0,6
1945,3.8,0,18
1939,6.1,0,16
1944,7.0,0,17
1929,6.0,0,6
1936,6.0,0,18
1936,6.1,0,6
1938,2.8,0,6
1933,5.1,0,4
1920,6.0,0,6
1940,6.0,0,6
1932,5.1,0,13
1947,5.3,0,1
1929,5.3,0,6
1942,5.7,0,16
1941,5.7,0,13
1941,4.7,0,18
1949,5.6,0,13
1938,5.3,0,6
1946,5.6,0,3
1944,5.4,0,18
1927,6.8,0,3
1943,6.4,0,18
1938,5.3,0,18
1929,5.1,0,3
1942,5.4,0,6
1943,5.9,0,9
1931,6.3,0,3
1934,5.1,0,1
1920,5.2,0,3
1925,6.5,0,18
1945,6.4,0,3
1944,6.6,0,18
1947,3.6,0,1
1933,4.4,0,6
1948,4.6,0,3
1949,4.7,0,1
1939,5.0,0,6
1936,5.0,0,16
1946,5.5,0,6
1940,6.3,0,18
1939,5.8,0,18
1940,5.7,0,3
1946,5.7,0,6
1935,6.3,0,3
1946,5.9,0,16
1944,6.0,0,4
1931,6.1,0,13
1938,4.6,0,3
1919,6.3,0,6
1947,5.9,0,4
1939,5.7,0,3
1933,5.6,0,4
1936,5.1,0,6
1940,5.6,0,16
1924,6.1,0,6
1940,5.9,0,6
1946,6.0,0,13
1944,5.4,0,6
1936,5.6,0,16
1937,6.0,0,18
1925,5.7,0,6
1942,7.0,0,18
1937,4.8,0,16
1940,6.8,0,18
1939,4.5,0,6
1941,5.9,0,4
1940,6.2,0,18
1923,6.5,0,6
1946,6.5,0,6
1942,5.6,0,3
1933,5.6,0,16
1937,5.5,0,18
1938,5.5,0,4
1912,5.8,0,6
1935,5.8,0,18
1942,5.2,0,3
1942,6.3,0,18
1935,5.4,0,18
1918,5.4,0,6
1936,6.0,0,18
1939,6.0,0,13
1921,6.4,0,6
1937,4.9,0,4
1925,6.8,0,3
1938,5.5,0,6
1941,5.3,0,4
1942,6.3,0,18
1935,5.1,0,18
1946,5.8,0,6
1933,5.2,0,3
1935,5.3,0,18
1930,5.0,0,13
1938,6.1,0,4
1937,5.4,0,13
1915,5.8,0,3
1933,4.8,0,16
1944,6.2,0,6
1947,5.7,0,13
1936,5.5,0,6
1933,5.5,0,16
1944,5.2,0,18
1932,5.4,0,18
1927,6.3,0,6
1940,5.5,0,6
1917,6.3,0,6
1941,5.4,0,16
1937,5.6,0,6
1946,5.2,0,3
1936,5.1,0,18
1943,6.0,0,18
1949,5.3,0,6
1946,5.4,0,16
1944,5.9,0,3
1932,6.2,0,6
1933,5.7,0,6
1941,5.1,0,6
1942,6.3,0,18
1943,6.0,0,18
1942,6.4,0,18
1942,4.4,0,1
1935,5.4,0,13
1941,5.4,0,4
1937,5.6,0,18
1934,6.0,0,3
1924,6.2,0,18
1938,5.4,0,11
1939,6.0,0,4
1932,5.3,0,18
1931,5.7,0,18
1936,4.9,0,1
1933,4.0,0,16
1942,5.2,0,18
1918,6.5,0,6
1925,5.0,0,18
1944,5.4,0,3
1940,6.0,0,18
1943,5.5,0,6
1933,4.8,0,18
1931,6.0,0,13
1931,5.9,0,3
1942,5.1,0,18
1943,6.2,0,18
1940,5.6,0,4
1940,5.6,0,18
1937,5.7,0,18
1940,6.4,0,3
1932,4.7,0,1
1938,5.7,0,1
1932,5.2,0,18
1941,6.3,0,18
1937,6.1,0,18
1929,5.4,0,6
1942,5.6,0,6
1944,6.0,0,18
1927,6.6,0,18
1943,5.7,0,18
1926,7.0,0,3
1928,4.7,0,18
1936,4.4,0,6
1938,5.7,0,4
1944,6.7,0,5
1938,6.1,0,4
1940,5.4,0,18
1941,5.8,0,3
1939,4.6,0,13
1932,5.1,0,6
1945,6.8,0,3
1937,4.7,0,18
1925,7.2,0,3
1941,6.5,0,3
1934,4.2,0,14
1936,5.7,0,18
1932,5.1,0,6
1947,4.7,0,5
1944,6.3,0,18
1938,6.1,0,18
1943,5.9,0,18
1936,5.8,0,18
1921,6.0,0,6
1935,4.8,0,1
1939,5.2,0,6
1943,5.2,0,18
1937,5.7,0,18
1942,6.2,0,18
1934,5.5,0,6
1943,6.1,0,6
1949,5.9,0,13
1936,5.2,0,16
1945,5.8,0,3
1950,5.9,0,6
1930,5.8,0,6
1949,5.0,0,6
1940,5.5,0,18
1948,6.0,0,13
1941,5.2,0,6
1936,5.3,0,16
1946,5.7,0,18
1937,5.4,0,18
1940,5.1,0,6
1947,6.0,0,3
1941,6.7,0,18
1940,6.2,0,18
1939,5.1,0,18
1936,4.2,0,1
1934,5.2,0,1
1937,6.0,0,18
1932,6.1,0,6
1941,6.0,0,3
1941,4.9,0,16
1936,4.9,0,18
1939,6.1,0,4
1946,7.1,0,18
1939,6.2,0,3
1936,5.0,0,3
1940,5.9,0,16
1944,5.8,0,18
1937,5.7,0,4
1938,6.5,0,18
1937,5.8,0,1
1937,6.1,0,13
1949,7.2,0,6
1944,5.6,0,18
1937,4.7,0,1
1927,6.9,0,18
1937,5.8,0,18
1945,5.7,0,18
1942,5.2,0,16
1942,6.1,0,18
1944,5.7,0,3
1947,6.0,0,18
1937,5.9,0,18
1922,6.1,0,6
1947,6.3,0,11
1937,5.7,0,18
1939,6.1,0,3
1937,4.5,0,18
1939,6.7,0,18
1938,6.5,0,18
1937,6.2,0,18
1941,4.1,0,6
1926,6.0,0,18
1939,5.6,0,18
1944,5.1,0,18
1944,5.3,0,18
1935,6.0,0,18
1942,5.8,0,3
1945,5.6,0,18
1935,5.8,0,6
1935,4.9,0,18
1941,5.0,0,3
1931,5.6,0,1
1938,5.0,0,13
1938,6.0,0,6
1939,4.6,0,4
1940,5.8,0,3
1936,5.9,0,3
1936,6.2,0,18
1932,5.3,0,1
1932,6.4,0,6
1936,5.9,0,18
1938,5.6,0,3
1941,4.7,0,18
1936,4.6,0,6
1936,5.4,0,18
1944,6.2,0,3
1938,5.6,0,18
1941,4.7,0,3
1938,5.6,0,6
1936,5.1,0,1
1932,5.8,0,18
1943,4.9,0,6
1931,5.4,0,16
1934,5.4,0,1
1935,5.2,0,18
1939,4.8,0,18
1944,5.3,0,18
1942,4.6,0,5
1930,3.8,0,18
1944,6.0,0,18
1944,6.3,0,17
1936,5.4,0,18
1937,5.7,0,18
1972,9.2,0,6
1959,9.1,1,14
1966,8.4,1,14
1974,9.0,0,6
1978,7.2,0,13
1968,8.5,0,18
1951,8.5,1,3
1974,7.8,0,6
1974,7.3,1,3
1972,7.7,0,6
1955,8.0,1,1
1968,8.0,0,16
1975,7.4,0,16
1979,7.6,0,16
1977,6.2,1,3
1961,7.6,0,3
1976,7.4,0,16
1969,6.7,1,3
1973,7.7,0,4
1973,8.1,0,4
1955,7.4,0,4
1978,7.8,0,6
1972,7.1,0,16
1979,6.4,0,14
1979,7.6,0,16
1980,7.7,0,6
1952,7.7,0,13
1966,7.9,1,1
1968,7.4,1,5
1968,7.4,1,1
1968,7.9,0,16
1973,7.3,1,14
1956,7.7,0,14
1976,6.0,0,16
1953,7.0,0,14
1962,7.1,0,10
1978,6.9,0,8
1972,6.8,0,16
1970,7.9,1,3
1969,7.4,0,18
1974,6.4,0,6
1970,6.0,0,6
1968,7.6,0,3
1970,5.9,0,6
1963,6.6,0,10
1977,5.9,0,13
1960,6.2,0,10
1980,6.3,0,16
1979,8.1,1,3
1974,7.1,0,4
1976,5.9,0,8
1973,6.4,0,10
1973,5.1,1,6
1969,6.6,0,18
1953,6.4,0,3
1976,7.6,0,18
1965,6.2,0,14
1980,6.9,0,1
1969,6.3,0,6
1979,5.5,0,10
1971,7.1,0,3
1980,4.6,0,10
1963,7.1,0,18
1963,6.7,0,10
1964,5.9,0,6
1970,6.0,0,6
1953,7.0,0,18
1977,7.2,0,3
1973,6.3,0,3
1976,6.6,0,3
1977,6.8,0,16
1963,5.7,0,10
1959,6.0,0,16
1966,6.6,0,6
1959,6.7,0,10
1953,6.2,0,6
1977,4.1,0,10
1978,6.6,0,10
1963,5.0,0,16
1980,4.8,0,10
1980,6.2,0,16
1957,7.2,0,18
1962,4.4,0,10
1954,6.8,0,16
1951,6.7,0,13
1954,7.4,0,6
1966,7.0,0,3
1964,6.6,0,10
1959,4.0,0,10
1952,7.3,0,16
1980,6.5,1,2
1953,6.4,0,3
1967,6.0,0,6
1976,7.6,0,6
1965,7.1,0,18
1953,6.8,0,6
1970,4.2,0,6
1976,5.3,0,1
1980,4.7,0,16
1972,4.4,0,10
1956,6.7,0,16
1966,5.2,0,14
1962,6.8,0,10
1952,6.1,0,13
1972,6.4,0,16
1973,7.1,0,16
1980,5.0,0,10
1959,5.2,0,14
1965,5.0,0,3
1970,5.5,0,10
1973,4.9,0,16
1969,6.1,0,14
1980,6.8,0,6
1954,6.1,0,6
1966,6.4,0,6
1951,6.6,0,6
1974,6.2,0,10
1962,6.5,0,6
1972,6.1,0,16
1979,4.5,0,16
1975,4.1,0,16
1954,5.3,0,6
1962,4.7,0,8
1972,5.0,0,10
1965,4.6,0,3
1976,6.0,0,10
1966,6.4,0,3
1969,7.3,0,6
1974,7.3,0,6
1980,3.9,0,16
1952,3.7,0,10
1971,5.6,0,3
1969,6.3,0,3
1980,5.0,0,13
1952,5.1,0,1
1961,6.2,0,10
1952,7.2,0,16
1968,6.2,0,14
1958,3.8,0,10
1967,3.6,0,14
1952,5.8,0,3
1963,6.6,0,10
1963,7.3,0,5
1966,6.6,0,3
1979,4.8,0,14
1958,6.9,0,18
1964,4.9,0,13
1954,5.4,0,16
1959,3.7,0,10
1961,6.1,0,18
1964,5.1,0,11
1977,5.5,0,6
1978,5.6,0,16
1963,6.3,0,10
1960,4.8,0,13
1979,5.8,0,13
1961,4.9,0,10
1974,2.7,0,10
1967,7.0,0,6
1961,3.4,0,3
1966,5.4,0,6
1974,4.9,0,1
1969,5.4,0,6
1969,4.3,0,4
1970,5.2,0,10
1959,3.6,0,10
1975,4.1,0,3
1977,4.6,0,10
1953,2.7,0,10
1960,4.7,0,10
1954,3.4,0,14
1965,5.6,0,14
1980,3.9,0,8
1967,4.9,0,6
1976,5.1,0,8
1965,5.1,0,3
1974,5.7,0,10
1974,5.5,0,6
1953,6.1,0,16
1971,6.1,0,6
1956,4.3,0,4
1979,6.0,0,16
1965,7.7,0,5
1970,6.2,0,14
1966,4.0,0,1
1962,5.6,0,3
1969,6.3,0,6
1967,6.6,0,3
1973,5.5,0,16
1956,6.5,0,6
1979,5.4,0,16
1968,5.4,0,6
1976,5.1,0,1
1967,3.8,0,10
1970,5.4,0,6
1976,2.2,0,14
1968,6.2,0,3
1961,4.1,0,4
1977,5.6,0,10
1980,5.2,0,10
1975,5.1,0,1
1976,6.0,0,6
1975,6.1,0,16
1954,5.5,0,6
1956,4.6,0,6
1977,7.7,0,1
1976,4.4,0,10
1978,2.3,0,14
1966,5.1,0,3
1963,5.3,0,3
1970,5.6,0,18
1975,5.7,0,6
1970,5.1,0,17
1957,5.7,0,8
1955,5.7,0,6
1956,7.7,0,6
1971,6.2,0,6
1970,6.7,0,1
1974,5.5,0,7
1951,6.5,0,13
1965,4.7,0,13
1953,5.7,0,6
1965,4.8,0,4
1966,5.4,0,3
1955,3.6,0,14
1964,5.4,0,13
1967,5.3,0,6
1958,2.3,0,8
1953,6.0,0,13
1953,6.0,0,6
1963,6.3,0,6
1970,4.2,0,10
1979,5.7,0,6
1962,4.5,0,3
1976,5.5,0,4
1968,7.6,0,5
1961,5.4,0,6
1976,5.1,0,6
1965,5.2,0,13
1951,5.8,0,18
1970,4.4,0,3
1957,6.2,0,5
1969,4.9,0,3
1967,5.5,0,3
1968,3.2,0,14
1954,5.7,0,6
1978,4.8,0,3
1969,6.6,0,6
1956,5.9,0,16
1953,6.5,0,6
1967,3.8,0,8
1977,4.3,0,3
1960,7.1,0,9
1976,6.0,0,6
1954,6.5,0,6
1964,5.3,0,13
1956,5.9,0,3
1965,3.8,0,8
1978,5.3,0,16
1952,6.0,0,6
1957,6.3,0,1
1980,5.3,0,6
1967,6.4,0,6
1957,4.7,0,10
1956,5.2,0,18
1970,5.5,0,6
1956,6.4,0,16
1980,6.5,0,13
1975,6.1,0,6
1954,5.8,0,3
1951,6.4,0,6
1974,3.3,0,6
1970,5.9,0,6
1966,4.9,0,8
1957,5.2,0,6
1953,6.4,0,18
1978,1.8,0,10
1954,5.7,0,17
1957,5.9,0,18
1969,4.3,0,3
1976,5.3,0,6
1966,5.0,0,3
1970,6.7,0,8
1970,5.2,0,3
1971,5.7,0,6
1966,5.6,0,6
1964,5.1,0,13
1952,6.1,0,13
1969,6.4,0,6
1955,5.2,0,18
1954,4.4,0,1
1952,4.2,0,6
1957,5.7,0,18
1970,5.7,0,5
1959,5.3,0,16
1972,3.5,0,3
1969,5.5,0,1
1955,4.1,0,1
1951,5.6,0,13
1973,5.2,0,6
1974,5.5,0,18
1971,5.4,0,16
1969,6.5,0,5
1956,4.2,0,18
1978,5.0,0,4
1953,5.8,0,6
1965,5.6,0,18
1980,5.4,0,15
1956,3.4,0,6
1978,6.6,0,6
1969,5.8,0,6
1975,4.8,0,1
1974,5.7,0,3
1970,6.9,0,5
1961,5.1,0,18
1969,5.0,0,4
1953,4.0,0,18
1965,5.9,0,3
1953,5.6,0,1
1956,5.1,0,1
1962,4.1,0,16
1963,6.0,0,3
1971,6.1,0,6
1957,5.8,0,18
1970,5.1,0,16
1974,5.9,0,6
1956,5.4,0,13
1953,4.6,0,1
1977,7.0,0,6
1957,5.5,0,18
1963,6.3,0,6
1980,6.1,0,6
1979,5.1,0,1
1967,4.3,0,6
1951,5.5,0,3
1963,4.5,0,9
1952,5.9,0,6
1975,6.1,0,3
1957,5.5,0,18
1952,5.3,0,3
1953,4.4,0,6
1955,3.0,0,11
1957,5.1,0,4
1967,6.4,0,5
1976,4.1,0,1
1975,3.1,0,18
1969,7.6,0,5
1966,5.0,0,1
1956,6.2,0,18
1951,5.0,0,6
1956,5.8,0,18
1972,4.4,0,18
1976,5.0,0,16
1977,6.1,0,6
1954,5.8,0,18
1951,5.7,0,3
1961,5.5,0,4
1953,5.7,0,18
1956,5.9,0,1
1953,6.3,0,18
1951,5.1,0,18
1953,4.7,0,13
1955,6.2,0,5
1961,5.2,0,6
1957,6.1,0,18
1960,5.0,0,6
1951,5.6,0,18
1956,5.5,0,18
1975,5.7,0,3
1957,5.6,0,18
1960,5.6,0,18
1955,6.4,0,5
1960,5.1,0,18
1974,6.8,0,1
1986,6.9,0,6
1990,8.8,1,6
1987,8.7,1,1
1981,8.4,0,1
1987,7.3,0,3
1982,7.9,1,3
1989,8.2,0,1
1986,7.8,0,3
1989,7.3,0,6
1986,7.0,0,6
1984,7.5,0,1
1986,6.6,0,3
1985,7.7,1,1
1988,7.6,0,3
1984,6.6,0,13
1990,6.4,1,6
1982,7.2,1,3
1983,6.5,0,6
1982,6.9,0,16
1990,7.5,0,6
1988,7.3,1,12
1990,5.9,0,16
1982,7.7,0,16
1982,7.0,0,6
1981,6.7,0,17
1983,6.7,1,7
1989,6.6,0,16
1986,5.9,0,8
1985,6.3,0,10
1987,7.0,0,13
1985,6.2,0,6
1986,7.3,0,14
1990,7.1,1,2
1981,6.3,0,4
1986,6.1,0,13
1988,7.1,0,6
1987,6.7,0,6
1987,7.6,0,3
1989,7.2,1,18
1984,5.8,0,6
1990,4.9,0,10
1985,6.8,0,1
1985,4.3,0,10
1984,5.3,0,8
1986,6.5,0,16
1984,6.6,0,16
1987,3.3,1,6
1988,7.4,1,7
1989,5.4,0,14
1981,4.9,0,10
1990,5.7,0,3
1986,4.9,0,3
1990,4.6,0,16
1985,4.7,0,1
1989,6.4,0,3
1984,5.1,0,4
1981,4.7,0,8
1985,6.3,0,8
1984,5.5,0,3
1987,6.5,0,8
1987,4.4,0,3
1988,8.0,0,5
1988,6.4,0,6
1983,4.7,0,14
1983,4.9,0,10
1988,6.6,0,6
1982,4.5,0,10
1986,5.6,0,16
1985,5.0,0,16
1987,5.3,0,4
1989,7.3,1,8
1987,5.3,0,3
1985,4.9,0,10
1985,3.4,0,6
1984,5.6,0,6
1986,5.1,0,6
1987,5.6,0,16
1986,3.5,0,14
1985,5.2,0,3
1988,3.6,0,6
1984,5.5,0,13
1985,5.3,0,6
1985,4.8,0,16
1986,5.5,0,1
1985,6.2,0,6
1989,4.5,0,10
1987,5.2,0,16
1988,5.4,0,13
1985,3.9,0,16
1984,6.7,0,6
1989,6.7,0,3
1988,5.6,0,16
1990,4.8,0,3
1986,4.9,0,1
1988,4.8,0,3
1986,3.3,0,16
1987,6.8,1,2
1988,6.6,0,6
1984,6.1,0,6
1988,3.0,0,10
1982,6.2,0,6
1986,3.6,0,3
1988,3.2,0,16
1990,2.7,0,8
1986,5.7,0,6
1989,3.9,0,1
1989,6.2,0,13
1985,5.9,0,6
1989,4.6,0,1
1988,5.9,0,6
1984,5.4,0,3
1981,4.6,0,6
1987,4.1,0,16
1982,6.0,0,6
1989,6.0,0,16
1984,4.7,0,16
1983,3.3,0,3
1982,6.4,0,6
1983,5.6,0,16
1989,5.8,0,4
1983,5.1,0,1
1990,7.2,0,6
1985,6.0,0,4
1989,6.2,0,6
1987,4.4,0,4
1987,4.0,0,1
1989,4.4,0,1
1981,5.3,0,6
1988,5.6,0,3
1986,5.4,0,6
1986,6.0,0,3
1988,4.7,0,3
1985,4.7,0,6
1984,5.1,0,10
1981,5.4,0,4
1988,3.9,0,16
1981,6.1,0,4
1987,4.0,0,3
1987,5.7,0,6
1986,6.6,0,6
2000,7.4,1,12
1997,7.6,0,16
1999,8.2,1,14
1994,8.9,0,16
1997,7.9,0,6
1993,8.2,1,3
2000,6.7,0,6
1994,8.8,0,13
2000,8.5,0,6
2000,7.3,1,3
1997,7.3,0,16
1995,7.8,1,14
1998,8.6,0,6
1999,7.4,0,14
1999,8.7,1,6
1996,7.1,0,16
1993,8.1,1,14
1998,7.8,1,12
1995,7.1,0,3
1994,8.5,0,4
1993,7.5,1,3
1993,8.1,0,3
1999,7.3,0,8
2000,6.2,0,3
2000,7.7,1,6
1993,6.8,1,14
1992,7.4,0,10
1994,7.5,0,8
1997,8.1,1,2
1991,7.5,1,2
1992,6.2,1,12
1991,7.5,1,14
1994,7.7,0,3
1999,6.1,1,1
1997,8.6,0,6
1999,8.1,1,3
1999,7.2,0,13
1996,7.3,0,16
1998,7.1,0,3
1996,6.7,1,14
1996,6.9,1,3
1993,6.2,1,1
1992,8.2,1,6
1992,7.6,1,1
1991,6.8,0,16
2000,7.2,0,6
2000,6.1,0,16
1995,6.6,1,1
1993,6.5,0,6
1999,7.3,0,3
1995,5.3,0,8
1996,8.3,1,3
1991,6.9,0,3
2000,4.2,1,1
1996,6.4,0,3
1999,7.7,0,3
1993,6.8,0,3
1996,7.6,1,2
1992,6.8,0,16
1997,7.3,0,6
1993,7.9,1,14
1994,6.9,0,16
1991,7.2,0,6
1998,6.6,1,3
1999,6.8,1,2
1991,6.8,0,4
1993,6.2,0,3
1998,6.2,0,14
1992,5.9,1,6
1996,6.8,0,2
1991,6.6,0,3
1999,5.5,1,2
1994,5.9,1,14
1997,6.6,0,6
1991,7.8,1,14
1997,6.2,0,13
1996,5.2,1,6
2000,5.4,1,12
1991,8.3,1,3
1995,6.3,0,16
1999,5.0,0,10
1996,7.6,0,14
1995,5.5,0,14
1995,6.2,1,3
1998,6.9,1,3
1991,6.9,0,4
1995,7.3,1,1
1991,7.2,0,14
1995,6.3,0,13
1994,7.2,1,14
1994,6.6,0,1
2000,6.0,0,1
1994,7.5,0,6
1998,5.8,0,10
1993,8.1,1,12
1995,6.0,0,7
1996,6.5,0,16
1998,8.0,1,5
1997,7.2,1,2
1996,5.7,0,16
1994,6.5,0,4
1994,7.5,1,3
1999,5.4,0,13
1995,5.2,0,10
1991,7.1,1,3
1998,6.5,1,3
1999,6.4,0,6
1994,6.2,0,6
1991,6.7,0,13
1994,7.2,1,16
1999,6.7,1,3
2000,6.9,1,3
1995,4.6,0,3
1996,5.7,1,6
1998,5.8,0,6
1993,6.3,0,6
1994,6.2,1,3
2000,4.9,0,16
1996,7.8,1,3
1998,6.4,0,14
1991,5.7,0,1
1999,7.3,1,2
1996,4.6,0,16
1996,6.7,0,6
1996,5.3,0,1
1996,7.8,1,2
2000,5.8,0,13
1997,6.4,0,16
1996,5.9,0,16
1997,4.9,0,16
1996,5.6,0,16
1999,5.5,0,13
1994,7.4,1,7
1994,5.6,0,16
1997,7.0,1,2
1994,6.7,1,7
2000,8.0,1,5
1998,6.7,0,13
1999,5.2,0,16
1995,6.4,0,5
1999,6.0,0,2
1992,7.4,1,7
1998,6.7,0,6
1998,5.4,1,12
1993,5.0,0,6
1995,5.6,0,6
1998,4.5,0,16
1994,3.8,0,16
1997,5.0,0,18
1996,5.3,0,6
1998,5.9,0,4
1992,5.5,0,6
1996,4.1,0,16
1992,5.5,0,3
1996,5.6,0,6
1991,5.8,0,6
1994,3.9,0,16
1998,5.5,0,6
1992,5.6,0,3
1991,4.0,0,16
1995,8.2,0,5
1999,6.0,0,13
1996,4.0,0,16
1998,4.0,0,16
1991,6.2,0,1
1992,5.3,0,6
1996,8.0,1,2
2009,8.5,1,12
2004,7.1,0,3
2005,8.1,1,16
2003,7.8,1,1
2001,7.8,1,12
2010,7.7,1,6
2008,7.0,0,3
2009,7.9,0,1
2005,6.5,0,16
2004,7.1,0,3
2005,9.3,1,14
2009,6.7,1,1
2002,8.1,0,6
2003,7.9,1,3
2009,7.7,0,6
2001,7.2,1,14
2004,6.3,1,2
2002,6.6,0,1
2001,7.5,1,1
2009,8.4,1,6
2002,7.7,0,16
2008,7.8,0,8
2004,7.7,0,16
2009,7.0,0,13
2010,7.4,1,6
2003,8.8,1,3
2002,7.1,0,10
2010,7.3,1,3
2009,6.6,0,6
2001,8.4,1,14
2004,7.1,1,14
2010,6.4,0,13
2007,6.7,1,3
2010,6.9,1,3
2008,7.3,0,13
2006,7.0,0,3
2001,7.3,0,6
2001,5.3,0,3
2009,7.3,0,1
2004,7.7,1,3
2005,7.5,1,3
2002,6.4,1,6
2004,7.4,0,3
2002,7.0,1,1
2004,7.1,0,8
2002,7.1,0,1
2002,6.2,0,8
2006,6.3,0,3
2009,6.0,0,16
2008,6.1,0,1
2010,7.0,0,3
2001,6.4,0,6
2010,5.8,1,5
2008,7.7,1,6
2007,6.3,0,10
2005,7.1,1,14
2005,6.0,0,3
2004,6.3,0,1
2005,8.4,1,3
2004,7.1,1,2
2004,6.9,1,4
2004,7.0,1,2
2004,4.7,1,12
2005,6.3,0,13
2002,6.4,0,16
2005,6.1,1,6
2003,6.4,1,3
2004,6.6,0,16
2002,5.9,0,1
2009,3.8,1,12
2001,5.2,0,1
2010,7.7,1,12
2002,6.1,1,2
2009,8.0,1,3
2005,5.4,0,10
2010,8.0,1,2
2002,8.2,1,14
2010,6.5,0,6
2003,7.0,1,14
2003,6.3,0,16
2006,6.2,0,3
2005,6.2,1,3
2005,5.4,0,13
2010,8.8,1,5
2004,7.4,1,7
2009,6.3,1,3
2010,5.7,0,8
2002,7.6,0,6
2008,7.5,1,3
2002,6.4,0,1
2006,6.5,1,12
2004,5.6,0,13
2001,7.4,1,6
2007,7.6,0,6
2009,6.2,0,16
2009,7.3,1,17
2006,6.0,0,16
2006,6.5,1,2
2006,3.6,1,12
2002,3.9,0,16
2010,6.3,1,7
2009,7.6,1,12
2006,8.0,1,12
2009,3.6,1,12
2007,5.0,1,3
2010,7.5,1,6
2010,6.1,1,14
2001,6.4,0,3
2006,6.6,1,3
2002,6.2,1,3
2010,6.4,1,12
2009,3.1,1,12
2002,6.5,1,2
2003,5.4,0,3
2008,7.1,0,5
2004,5.5,0,6
2007,6.6,1,2
2009,6.6,1,7
2010,8.1,0,3
2007,2.6,0,16
2010,3.5,1,12
2003,5.5,0,3
2009,5.8,0,4
2007,5.0,1,12
2003,5.4,1,3
2010,7.4,0,5
2001,6.1,0,6
2005,7.2,0,6
2009,4.7,0,16
2008,5.1,1,12
2010,5.7,1,2
2008,5.8,1,3
2007,5.1,1,2
2008,7.4,0,3
2001,7.5,1,2
2005,4.2,1,2
2009,6.3,0,13
2007,4.4,1,3
2009,3.2,1,1
2007,6.2,0,13
2003,6.2,0,6
2002,5.2,0,10
2007,3.7,0,10
2009,6.9,0,3
2002,5.9,0,2
2004,7.5,1,3
2001,5.6,0,4
2003,7.8,0,6
2002,5.2,1,6
2008,4.1,0,14
2008,6.9,1,5
2006,3.2,1,12
2005,1.7,1,12
2010,7.8,1,5
2009,6.7,0,3
2005,7.1,0,3
2005,8.6,1,3
2002,6.7,0,6
2008,6.0,0,6
2008,4.6,0,10
2007,6.6,0,6
2003,5.6,0,6
2006,5.8,0,6
2009,4.7,0,14
2004,3.6,0,13
2009,2.9,0,14
2010,2.9,1,1
2002,7.0,1,3
2005,6.1,0,6
2010,7.6,0,5
2002,4.3,0,10
2010,8.6,1,3
2010,5.9,0,8
2007,7.9,1,5
2007,3.5,0,14
2008,3.2,0,14
2007,3.5,0,10
2003,6.8,1,7
2003,5.7,0,3
2006,7.4,0,3
2009,5.8,0,3
2004,7.4,0,6
2004,4.9,0,6
2003,5.9,0,6
2004,6.5,0,6
2003,6.7,0,6
2002,6.3,0,6
2005,6.6,1,5
2008,3.3,0,14
2008,7.6,0,16
2007,7.7,0,3
2006,7.1,0,5
2007,4.2,0,16
2007,4.2,0,10
2008,4.8,0,16
2007,4.7,0,16
2003,4.1,0,6
2002,5.8,1,12
2008,5.3,1,3
2006,5.5,0,3
2010,6.8,1,3
2006,7.3,0,3
2003,5.6,0,6
2005,5.4,0,1
2003,7.0,0,6
2010,7.2,0,3
2003,6.4,0,6
2009,5.9,1,14
2004,7.2,1,2
2009,6.4,0,3
2003,6.8,0,3
2003,8.1,1,7
2007,5.0,0,16
2007,3.1,0,8
2002,6.0,0,6
2009,5.2,0,16
2003,5.6,0,6
2008,4.4,0,1
2003,6.9,0,6
2008,4.3,0,1
2002,4.6,0,8
2010,5.4,0,4
2009,5.8,0,2
2008,4.3,0,16
2002,6.1,0,6
2002,5.5,0,2
2003,6.8,0,3
2007,5.1,0,1
2009,6.3,0,5
2004,5.0,1,12
2001,5.1,0,16
2005,6.2,0,2
2008,4.8,0,16
2009,6.046368501529051,1,12
2007,3.3,1,3
2010,5.3,0,16
2004,6.2,0,6
2002,5.7,0,6
2007,8.5,0,5
2007,7.9,0,3
2008,5.8,0,3
2009,6.5,0,5
2008,5.7,0,6
2007,4.3,1,6
2007,7.5,0,5
2010,7.0,0,5
2010,7.8,0,5
2006,6.2,0,6
2008,6.046368501529051,1,5
2008,7.2,0,3
2007,6.046368501529051,0,5
2007,7.8,0,5
2007,6.046368501529051,1,12
2010,7.4,0,5
2007,6.9,0,3
2010,7.0,1,3
2010,7.6,0,5
2003,4.3,0,6
2007,6.046368501529051,0,5
2010,4.9,0,16
2004,6.9,0,2
2010,6.9,1,3
2007,5.5,0,10
2009,6.8,1,12
2012,7.8,0,16
2012,7.0,0,16
2012,8.4,0,18
2011,7.5,1,12
2011,8.1,1,3
2011,7.7,1,14
2012,7.4,1,12
2012,8.4,1,3
2012,8.5,1,12
2011,7.4,0,16
2011,8.8,1,5
2012,7.3,0,6
2012,5.3,0,16
2012,8.4,1,1
2011,6.3,1,3
2012,6.4,0,3
2011,7.5,1,3
2011,6.2,0,13
2012,7.1,0,14
2011,6.2,1,3
2011,8.8,1,14
2012,5.8,0,3
2011,4.5,1,12
2011,7.2,1,14
2011,6.5,0,3
2012,5.9,0,6
2011,5.8,0,10
2012,4.6,0,10
2011,7.5,0,3
2012,6.5,0,6
2012,8.2,0,3
2011,8.2,0,3
2012,5.3,1,12
2012,6.0,0,6
2011,6.8,1,3
2012,4.4,0,14
2012,7.6,0,5
2012,4.7,1,12
2011,6.8,1,3
2011,7.0,1,3
2011,6.0,1,12
2012,6.9,0,3
2011,7.1,0,5
2012,7.6,0,3
2011,4.3,1,12
2011,7.7,0,3
2012,7.5,0,3
2011,4.0,0,8
2012,7.8,0,3
2012,5.3,0,3
2012,6.0,0,3
2012,7.1,1,12
2012,7.5,0,3
2011,3.9,0,16
2011,7.0,0,3
2011,7.4,0,5
2011,7.1,0,6
2012,7.9,0,3
2011,3.9,1,12
2011,5.8,0,3
2011,6.7,0,6
2012,6.1,0,3
2012,4.6,0,10
2012,8.0,1,5
2012,7.8,0,5
2012,5.4,1,3
2011,8.0,0,5
2011,4.8,1,3
2011,7.6,0,5
2012,7.6,1,3
2012,6.1,0,3
2012,7.7,1,12
2012,7.0,1,3
2012,7.1,0,5
2012,6.6,0,5
2012,7.1,0,3
2012,5.9,1,14
2012,7.2,0,3
2011,6.4,0,3
2012,5.8,1,3
2011,6.2,0,3
2012,6.8,0,3
2012,4.0,1,3
2011,8.6,0,6
2012,6.5,0,4
2011,6.9,0,5
2011,6.0,1,3
2011,4.4,0,18
2012,6.1,0,5
2011,5.7,0,3
2012,6.9,0,3
2011,4.1,0,6
2012,8.3,0,5
2012,6.7,0,3
2011,6.2,0,2
2011,5.2,0,3
2012,8.0,0,5
2012,6.5,0,5
2012,6.9,0,5
2011,3.4,0,16
2012,7.0,0,3
2011,5.0,0,16
2011,6.3,1,5
2011,6.6,0,5
2011,6.046368501529051,0,5
2011,6.046368501529051,1,5
2012,6.046368501529051,1,5
2014,8.6,0,14
2013,6.1,1,2
2013,8.9,1,3
2014,6.5,1,12
2014,7.0,1,1
2013,7.0,0,14
2013,6.4,0,4
2014,8.4,1,3
2013,7.7,0,14
2013,6.5,1,14
2013,7.7,0,1
2013,5.9,0,10
2014,6.8,1,1
2014,5.6,0,14
2013,6.8,1,3
2014,5.8,0,14
2014,5.5,1,2
2013,5.7,1,7
2014,5.6,1,14
2013,5.7,0,16
2013,6.1,0,10
2014,7.6,1,17
2014,6.7,0,4
2013,6.0,1,3
2013,6.5,0,3
2013,7.7,1,3
2014,8.0,0,6
2013,5.6,1,1
2014,6.6,1,6
2013,5.6,0,3
2014,5.0,0,10
2014,7.6,1,6
2014,7.8,1,7
2014,5.9,1,12
2013,5.6,1,6
2014,7.5,1,5
2013,3.8,0,10
2013,7.1,1,6
2013,5.8,1,2
2014,7.6,1,5
2013,7.9,0,3
2014,4.7,1,14
2013,4.2,0,3
2013,7.2,1,12
2014,5.1,1,3
2014,6.4,0,3
2013,5.0,1,3
2014,2.9,1,12
2014,5.4,0,6
2014,6.6,0,3
2014,6.4,1,2
2014,8.1,1,3
2014,2.5,1,3
2014,7.4,0,3
2013,7.4,0,3
2013,4.7,0,16
2013,7.3,1,16
2014,7.0,0,5
2014,4.9,1,12
2013,6.4,0,6
2013,6.4,0,8
2014,4.7,0,3
2014,6.1,0,16
2013,6.0,1,3
2013,4.4,1,3
2014,7.5,0,1
2014,7.3,0,3
2014,7.5,0,3
2013,7.6,1,3
2014,4.5,0,8
2014,5.4,0,3
2014,7.4,0,3
2013,6.4,0,4
2014,3.1,0,10
2013,7.7,0,3
2013,4.6,1,12
2013,5.6,0,13
2014,7.3,1,3
2014,6.5,0,3
2013,7.1,0,3
2014,6.5,0,16
2013,4.4,0,8
2013,5.5,0,6
2013,5.9,0,13
2014,5.8,0,3
2013,4.4,0,10
2013,4.3,0,6
2014,4.0,0,8
2014,3.6,1,2
2014,5.2,0,13
2013,3.5,1,12
2014,6.0,0,3
2014,6.0,0,16
2013,9.0,1,12
2013,6.2,0,3
2014,8.0,1,12
2014,6.9,0,5
2014,6.4,0,16
2014,4.9,0,6
2014,5.6,0,6
2014,7.1,0,11
2013,4.8,0,3
2014,4.3,0,3
2013,6.9,0,5
2013,5.6,0,6
2013,6.4,1,3
2014,5.2,0,6
2013,6.4,1,5
2014,5.2,0,13
2013,4.0,0,3
2013,5.8,0,3
2014,5.7,0,6
2014,4.7,0,16
2014,4.2,0,6
2014,6.5,0,3
2013,6.8,0,3
2013,6.5,1,12
2013,5.0,0,16
2014,6.0,0,6
2014,7.9,0,5
2013,5.6,0,3
2013,7.4,0,5
2014,8.4,1,12
2013,6.2,0,18
2013,8.0,1,1
2014,5.4,0,6
2014,7.9,1,5
2014,7.3,1,5
2013,7.0,0,3
2014,5.8,0,6
2014,7.2,0,3
2013,7.4,0,5
2013,7.5,0,5
2014,5.1,0,3
2014,8.1,0,5
2013,4.9,0,16
2014,4.2,0,3
2013,7.8,1,5
2013,6.4,0,5
2013,7.5,0,5
2013,8.4,1,5
2013,7.1,0,5
2014,7.0,0,5
2014,6.046368501529051,0,5
2013,2.6,1,3
2013,5.3,0,5
2013,6.1,0,9
2013,6.6,0,5
2013,7.9,0,5
2014,7.6,0,3
2014,4.6,0,3
2014,7.8,0,5
2014,6.5,0,3
2013,8.0,0,5
2014,6.5,0,3
2014,7.7,0,5
2014,8.5,1,3
2013,3.3,0,3
2013,6.046368501529051,0,5
2013,7.1,0,5
2016,7.9,0,6
2016,7.1,0,6
2016,7.0,1,6
2015,7.7,1,14
2016,7.3,0,16
2015,7.4,0,1
2016,7.0,0,14
2015,7.8,1,6
2016,5.9,0,1
2016,5.2,1,6
2015,6.3,0,14
2015,7.2,1,3
2015,5.1,1,12
2015,7.2,1,7
2016,7.0,1,16
2015,7.1,1,3
2016,7.1,1,3
2016,7.1,0,6
2016,8.9,0,6
2016,5.6,0,14
2016,6.4,1,3
2015,5.0,1,7
2016,8.0,1,14
2015,6.0,0,8
2015,6.5,1,14
2016,4.0,1,3
2015,6.4,1,3
2015,5.8,1,3
2015,8.6,1,5
2015,7.5,1,3
2016,7.6,1,5
2016,6.6,1,12
2015,4.7,1,2
2015,4.6,0,10
2015,7.7,0,3
2015,6.8,1,3
2015,7.6,1,9
2016,6.7,1,3
2015,7.3,0,3
2015,5.4,0,3
2015,4.7,0,10
2016,6.7,1,6
2015,4.1,1,3
2015,6.1,0,6
2016,5.7,0,7
2016,6.4,0,13
2016,6.5,0,13
2016,6.0,0,4
2016,4.9,0,6
2016,4.1,0,14
2015,3.5,0,16
2016,6.9,0,3
2015,5.3,0,6
2016,3.6,0,16
2015,6.7,0,3
2016,4.6,0,16
2015,5.5,0,10
2015,6.6,0,3
2016,7.5,1,5
2016,6.1,1,6
2015,5.6,0,3
2015,7.2,1,3
2015,5.0,1,3
2016,7.1,1,3
2015,5.6,0,3
2015,5.0,0,14
2015,5.0,0,10
2016,6.6,0,14
2015,5.1,0,16
2016,5.9,0,6
2016,6.7,0,6
2016,5.9,0,6
2015,6.3,0,6
2016,7.1,0,2
2016,6.7,0,14
2016,5.1,0,6
2015,7.2,0,5
2015,6.9,0,3
2016,6.0,0,3
2015,7.9,0,3
2015,7.6,0,3
2016,4.1,0,10
2015,5.3,0,3
2015,7.9,0,5
2016,2.7,0,10
2015,7.9,1,3
2015,5.2,0,3
2015,7.2,0,3
2015,4.5,0,16
2015,7.7,1,5
2015,8.4,0,5
2016,5.8,0,3
2015,6.7,1,5
2016,6.9,0,5
2016,5.5,0,3
2016,3.7,0,16
2015,6.6,0,16
2016,4.8,0,8
2016,4.7,0,16
2016,4.5,0,3
2016,6.2,1,12
2016,7.0,0,3
2016,6.0,1,12
2016,4.2,0,16
2015,6.5,1,2
2016,6.8,0,6
2015,4.0,0,14
2016,4.6,0,13
2016,2.8,0,16
2015,4.1,0,16
2016,5.3,0,16
2016,7.6,0,6
2016,6.9,0,5
2016,4.9,0,16
2016,5.5,0,7
2015,5.7,0,14
2015,7.2,1,12
2016,6.3,0,5
2015,7.2,1,3
2016,3.6,0,8
2016,5.3,0,3
2016,8.8,1,5
2016,4.3,0,3
2015,3.3,1,3
2016,6.9,0,6
2015,6.2,0,6
2016,6.1,0,5
2015,7.4,0,6
2015,6.9,1,5
2016,5.9,0,6
2016,6.5,0,3
2015,5.2,1,6
2016,5.3,0,6
2016,5.7,0,3
2015,5.8,0,3
2016,7.5,0,6
2015,6.8,0,3
2015,6.5,0,3
2015,4.3,1,12
2016,5.8,0,3
2016,6.5,0,6
2016,6.2,0,3
2015,5.6,1,7
2016,4.4,0,10
2016,7.6,0,5
2016,7.6,0,5
2015,2.6,0,3
2015,6.0,1,14
2016,6.7,0,3
2015,4.6,0,6
2016,4.1,0,4
2015,5.4,0,3
2015,7.3,0,3
2016,6.8,1,1
2015,7.7,0,3
2015,5.4,0,13
2016,6.2,0,3
2016,6.2,0,6
2016,8.3,0,11
2016,5.7,0,13
2016,8.0,1,5
2016,5.4,0,6
2016,6.9,1,5
2015,8.0,1,5
2016,6.4,1,5
2016,8.6,1,5
2016,6.6,1,5
2016,6.4,0,2
2015,4.3,0,1
2016,6.4,0,16
2016,7.4,1,5
2016,4.7,0,16
2016,5.9,0,16
2015,7.8,0,5
2015,5.8,0,6
2016,7.0,1,5
2015,5.9,1,10
2016,4.1,0,6
2016,7.7,1,5
2016,4.8,1,3
2016,7.6,1,5
2016,4.7,0,3
2016,3.7,1,15
2016,8.0,1,5
2016,8.1,0,9
2015,8.4,1,5
2016,5.9,0,6
2016,5.6,0,5
2015,8.2,1,12
2016,4.0,0,6
2015,5.9,0,6
2015,7.3,0,5
2016,4.3,0,13
2016,6.9,1,5
2016,7.2,0,3
2015,7.1,0,5
2016,5.8,0,6
2016,5.5,0,6
2015,7.5,0,5
2015,5.5,0,6
2016,7.0,1,3
2016,5.1,0,6
2015,6.046368501529051,1,5
2016,6.8,0,3
2016,6.7,0,6
2015,7.7,1,5
2016,6.3,0,3
2015,7.9,1,5
2016,8.1,1,5
2015,7.7,0,5
2015,7.1,0,5
2016,6.9,0,3
2015,5.9,0,6
2015,7.5,0,5
2016,7.0,1,5
2015,8.4,1,5
2016,8.1,1,5
2015,5.0,0,6
2016,7.6,1,3
2016,4.0,0,16
2016,5.9,0,3
2015,7.3,1,5
2016,4.7,0,6
2016,7.2,1,5
2016,6.3,0,3
2015,8.2,0,5
2015,7.1,1,5
2016,6.8,0,3
2015,7.0,0,17
2016,7.1,0,5
2015,6.046368501529051,0,5
2016,5.7,1,14
2015,6.5,0,3
2015,6.046368501529051,0,5
2016,8.6,1,5
2016,8.0,1,5
2016,7.8,1,5
2015,8.0,1,12
2015,7.0,1,12
2015,7.4,0,6
2016,5.5,0,6
2016,8.5,0,5
2016,8.3,0,5
2016,8.2,0,5
2016,7.4,1,5
2015,6.5,0,5
2016,6.8,1,5
2015,7.1,1,5
2016,4.9,0,6
2016,7.9,1,5
2015,6.7,1,5
2015,8.0,1,5
2016,7.2,1,5
2016,6.7,1,7
2015,7.7,1,5
2015,7.6,1,5
2015,8.1,0,5
2015,7.3,1,5
2016,7.3,0,5
2015,6.046368501529051,0,7
2016,8.0,1,5
2015,8.0,1,5
2015,7.0,0,5
2016,7.8,1,5
2016,6.046368501529051,0,5
2016,6.7,0,5
2016,8.7,0,5
2016,7.5,0,5
2017,7.5,1,3
2018,6.8,0,10
2018,7.5,0,10
2017,8.0,1,3
2017,7.0,1,14
2017,7.0,1,4
2018,7.9,1,6
2018,6.9,1,1
2018,7.7,0,1
2018,5.9,1,1
2018,6.4,1,3
2017,8.3,1,4
2017,7.7,1,1
2017,6.6,0,6
2018,6.6,1,12
2018,6.7,0,14
2017,4.4,1,12
2017,5.5,0,3
2017,5.2,0,1
2018,4.9,1,12
2018,6.7,1,14
2018,7.7,1,3
2018,7.3,0,3
2018,6.6,0,10
2018,4.8,1,3
2017,5.7,0,14
2017,6.0,0,3
2018,6.3,0,6
2017,5.8,0,3
2017,6.9,1,6
2018,5.9,0,10
2018,7.1,1,6
2018,6.8,1,14
2018,6.7,1,4
2017,5.0,1,12
2018,5.1,0,6
2018,6.1,0,3
2018,4.8,0,14
2018,6.6,0,13
2018,5.8,1,7
2017,6.6,1,3
2018,4.4,0,14
2017,7.0,1,1
2018,5.3,1,12
2017,6.0,0,6
2018,5.7,0,3
2017,7.5,0,11
2017,8.9,1,6
2017,6.8,0,6
2017,6.0,0,6
2018,6.1,1,8
2018,3.3,0,16
2018,5.0,0,14
2018,5.5,1,3
2018,4.8,0,6
2017,6.6,0,3
2018,6.9,1,5
2017,8.6,1,5
2018,4.3,0,16
2017,7.7,1,5
2018,6.9,0,5
2017,3.4,1,1
2018,7.0,0,6
2018,4.8,0,3
2017,5.9,0,3
2018,5.0,1,5
2018,5.8,1,7
2017,6.7,0,13
2017,7.2,1,3
2017,8.3,1,5
2017,8.5,1,5
2018,5.5,0,14
2017,5.9,0,6
2017,6.4,1,3
2017,2.5,0,10
2017,5.5,1,12
2018,8.1,1,5
2018,6.5,0,3
2017,7.0,1,6
2017,3.6,0,10
2018,2.8,0,10
2018,4.5,0,16
2017,5.5,0,6
2017,4.2,0,14
2017,7.5,0,3
2018,4.0,0,3
2018,3.4,0,10
2018,6.6,1,16
2017,5.1,1,2
2017,5.3,0,10
2017,6.9,1,5
2017,5.5,0,16
2017,4.2,0,10
2017,7.6,1,5
2017,5.3,0,3
2017,6.7,1,6
2017,4.6,1,4
2018,6.8,0,3
2017,6.1,0,6
2017,6.3,1,14
2018,6.6,1,3
2018,9.4,1,5
2018,5.9,1,2
2018,8.3,1,5
2018,4.6,0,16
2018,8.4,1,17
2018,5.1,0,10
2017,6.8,0,5
2018,4.1,1,12
2017,6.6,0,6
2018,8.8,1,5
2017,6.9,0,6
2018,5.8,0,10
2018,4.4,0,14
2018,4.0,0,4
2018,4.3,0,16
2017,5.4,0,1
2018,3.7,0,10
2017,3.4,0,16
2018,5.2,0,10
2017,7.2,0,4
2017,8.0,1,2
2018,4.2,0,3
2017,7.3,0,6
2017,2.7,0,14
2017,4.9,0,3
2017,4.6,0,10
2017,5.9,0,7
2018,4.7,0,16
2017,6.0,1,3
2018,4.4,0,3
2017,5.5,0,6
2017,5.3,0,10
2017,6.2,0,5
2018,5.7,0,6
2017,5.4,0,8
2018,5.5,0,14
2018,5.8,0,3
2018,4.6,0,3
2018,6.1,0,6
2017,7.9,0,5
2018,4.5,0,16
2017,6.1,0,6
2017,8.1,1,9
2018,3.9,1,12
2017,5.3,0,3
2018,7.0,1,5
2018,8.9,1,5
2017,6.0,0,3
2017,5.1,0,6
2017,7.2,0,4
2018,3.4,0,16
2017,3.1,0,16
2018,6.6,0,5
2018,4.5,0,16
2017,4.8,0,6
2017,5.2,0,3
2017,4.7,0,3
2017,7.8,1,5
2018,3.1,0,16
2017,7.6,1,6
2017,7.7,0,5
2017,3.8,0,1
2018,4.9,0,6
2018,6.1,0,3
2017,2.8,0,18
2017,4.1,0,10
2018,2.2,0,10
2017,7.5,0,9
2017,4.2,0,16
2018,3.3,0,10
2018,5.2,0,3
2017,4.7,0,3
2017,6.3,0,6
2018,5.3,0,6
2017,6.0,0,4
2018,2.8,0,10
2018,5.6,0,6
2017,5.4,0,13
2018,3.9,0,6
2017,6.7,0,6
2018,8.3,1,5
2018,3.0,0,14
2017,4.5,0,10
2018,6.0,0,6
2018,6.5,0,6
2018,7.2,0,3
2017,6.9,1,2
2017,5.9,0,3
2017,4.4,0,3
2018,6.0,0,6
2017,6.6,0,6
2018,7.7,1,12
2018,3.2,0,10
2017,3.5,0,14
2017,3.0,0,16
2017,6.7,0,3
2017,5.5,0,3
2017,6.6,0,6
2018,2.4,1,2
2018,5.2,0,6
2017,5.8,1,12
2018,3.4,0,6
2018,5.3,0,3
2017,4.1,0,16
2018,4.2,0,10
2017,4.1,0,3
2017,6.6,0,6
2017,4.8,0,6
2017,4.7,0,16
2017,6.3,0,3
2018,8.1,1,8
2018,5.0,0,16
2017,6.9,1,3
2018,7.5,1,5
2017,6.8,0,6
2017,5.4,0,3
2018,5.6,0,6
2017,7.1,0,5
2018,4.6,0,3
2017,6.4,0,3
2017,4.3,1,3
2018,7.8,0,5
2018,5.4,0,16
2018,4.5,0,3
2017,8.0,0,5
2018,6.046368501529051,1,3
2018,6.1,0,8
2017,5.6,0,3
2018,5.7,0,4
2017,4.6,0,3
2017,6.0,0,3
2017,4.3,0,6
2017,6.5,0,6
2017,6.4,0,6
2017,5.1,0,16
2018,5.9,0,6
2017,5.6,1,3
2018,5.1,0,3
2018,4.0,0,1
2017,6.4,1,6
2017,4.7,0,1
2018,4.1,0,3
2017,5.4,0,6
2018,5.3,0,3
2017,6.0,1,3
2017,4.6,0,13
2018,6.6,1,4
2017,7.0,1,5
2017,6.5,1,5
2018,6.0,0,3
2018,6.1,0,6
2017,5.0,0,6
2017,4.2,0,1
2017,8.7,1,3
2018,7.4,1,3
2018,6.9,0,6
2018,4.0,0,1
2018,7.8,0,5
2017,6.0,1,3
2017,7.3,0,3
2018,4.8,0,3
2017,5.1,0,6
2018,3.7,1,12
2017,7.3,1,2
2017,6.6,0,6
2018,4.8,0,16
2018,6.046368501529051,1,5
2018,5.5,0,3
2017,4.4,0,13
2018,4.2,0,3
2018,4.2,0,6
2018,4.3,0,8
2017,8.3,1,5
2017,6.8,0,3
2017,4.8,0,3
2018,5.6,0,3
2017,7.7,0,5
2017,5.0,0,3
2017,3.4,0,1
2017,6.7,1,5
2017,7.1,1,5
2017,3.9,0,6
2017,4.1,0,6
2017,6.9,0,3
2017,4.8,0,6
2018,4.1,0,3
2017,4.9,0,16
2018,4.5,0,3
2018,4.4,0,3
2018,7.7,0,3
2017,5.2,0,3
2017,3.9,0,16
2018,6.0,0,5
2017,4.0,0,18
2018,5.5,0,6
2018,5.4,0,3
2017,4.8,0,4
2017,6.4,0,13
2017,3.5,0,16
2018,6.6,0,5
2018,7.3,0,3
2017,2.8,0,3
2017,7.1,0,9
2017,4.4,0,13
2018,8.9,1,5
2017,7.0,0,5
2018,7.9,0,5
2018,4.8,0,6
2018,3.5,0,16
2018,5.5,0,3
2018,9.1,1,12
2017,6.046368501529051,0,5
2018,6.046368501529051,0,6
2017,5.4,1,12
2017,6.046368501529051,0,5
2017,5.8,0,5
2017,4.8,0,3
2017,7.5,0,5
2018,4.4,0,3
2017,7.2,0,5
2017,3.9,0,16
2018,6.9,0,5
2017,8.0,0,15
2017,6.046368501529051,0,12
2017,5.7,0,6
2018,6.5,1,5
2017,6.4,0,5
2017,7.0,0,6
2018,8.1,1,5
2017,6.2,0,5
2017,6.046368501529051,0,5
2018,6.8,0,5
2017,6.5,0,5
2017,7.9,1,5
2017,6.046368501529051,0,5
2018,7.5,0,5
2017,6.5,0,6
2018,6.046368501529051,1,3
2020,6.5,0,14
2020,7.3,1,14
2020,5.5,1,14
2019,7.7,1,6
2020,6.7,0,16
2020,6.9,0,3
2020,6.8,1,4
2020,5.9,0,14
2019,5.8,1,14
2020,7.3,1,14
2019,8.3,1,4
2020,6.5,0,3
2019,6.7,1,13
2019,7.1,1,16
2020,7.5,1,6
2019,6.1,0,3
2019,6.3,1,2
2020,6.2,1,3
2020,6.5,0,10
2020,5.9,0,8
2019,6.7,1,1
2020,5.5,0,16
2020,5.4,0,10
2020,5.4,0,13
2019,7.2,1,3
2020,3.4,1,14
2020,5.4,0,16
2020,5.8,0,8
2020,2.1,1,2
2019,6.2,0,6
2019,7.7,1,3
2019,4.6,0,2
2020,7.0,0,5
2019,1.8,1,7
2019,5.5,0,3
2019,6.8,1,1
2020,7.4,1,4
2019,5.4,1,12
2020,5.3,0,10
2020,5.6,1,6
2019,7.7,0,3
2019,8.2,0,5
2019,5.9,1,12
2020,4.6,0,3
2019,7.4,1,3
2020,7.8,0,5
2019,5.7,1,3
2020,5.5,0,6
2019,5.5,0,16
2020,7.9,1,5
2019,4.0,1,12
2019,5.3,1,3
2019,7.5,1,11
2019,6.6,1,6
2020,4.7,0,14
2019,6.3,1,2
2019,8.5,0,5
2020,8.4,1,5
2020,7.7,0,3
2019,8.2,1,5
2020,7.1,0,5
2019,6.7,0,6
2019,5.6,0,6
2019,5.5,0,13
2019,4.6,0,1
2019,8.4,1,5
2019,6.4,1,6
2020,7.5,1,5
2019,4.1,0,10
2019,5.4,0,6
2019,5.3,0,16
2019,6.1,1,6
2019,4.3,0,6
2019,3.4,0,10
2020,7.0,0,3
2019,7.8,1,5
2019,7.2,1,5
2020,5.7,0,3
2020,6.5,1,4
2020,7.0,0,5
2020,7.8,1,5
2019,6.6,1,3
2019,7.4,1,2
2020,5.5,0,6
2019,2.4,0,10
2020,3.5,0,16
2019,4.3,0,10
2019,4.3,0,8
2019,4.3,0,10
2019,6.6,0,3
2019,4.6,0,6
2019,6.3,0,1
2019,4.3,0,13
2019,4.0,0,17
2019,5.7,0,3
2020,2.9,1,1
2019,3.3,0,16
2020,5.7,0,6
2019,7.0,0,3
2019,7.0,0,5
2019,4.3,0,3
2019,5.7,0,6
2019,5.6,0,13
2019,6.2,0,6
2020,5.2,0,3
2019,4.9,0,6
2019,5.9,0,6
2020,6.7,0,5
2020,7.3,1,12
2019,2.6,0,16
2019,6.9,1,5
2019,3.5,0,6
2019,4.8,0,6
2020,7.8,1,5
2020,6.0,1,3
2019,4.5,0,6
2019,5.6,0,1
2020,7.1,1,5
2019,4.5,0,3
2020,6.6,1,5
2019,5.1,0,3
2020,3.1,0,6
2019,5.1,0,6
2019,7.0,0,3
2020,7.4,0,5
2020,5.3,1,5
2019,4.7,0,3
2019,5.5,0,3
2019,8.5,1,5
2020,7.2,0,5
2020,5.6,0,1
2019,7.7,1,5
2019,8.8,1,5
2019,6.4,0,6
2019,5.8,0,6
2019,7.4,1,5
2020,5.5,0,8
2019,7.3,1,5
2020,5.2,0,3
2019,7.8,0,6
2020,3.9,0,3
2019,5.3,0,3
2019,4.8,0,6
2019,5.7,0,3
2019,7.3,0,5
2020,4.7,1,5
2019,5.2,0,3
2019,6.4,0,6
2019,5.3,0,6
2019,6.2,0,3
2019,5.6,0,11
2019,2.9,0,7
2020,4.3,0,4
2020,7.4,0,3
2019,8.0,1,2
2019,4.6,0,16
2019,8.1,1,5
2020,2.1,1,12
2019,3.2,0,10
2020,6.046368501529051,0,5
2019,5.3,0,16
2019,4.2,0,6
2019,5.7,0,18
2019,7.8,1,5
2019,6.3,1,7
2019,7.7,0,5
2019,6.9,0,5
2020,7.4,0,3
2019,6.7,0,5
2019,3.8,0,16
2019,4.0,0,3
2020,6.1,0,5
2019,5.9,0,6
2019,5.7,0,5
2019,6.8,0,3
2020,4.6,0,3
2020,6.9,0,3
2020,6.8,0,3
2020,6.5,0,5
2019,4.6,0,6
2019,7.3,1,5
2019,6.046368501529051,0,5
2020,5.4,0,5
2019,6.8,1,5
2019,7.3,0,5
2020,6.3,0,5
2019,6.6,0,1
2020,6.1,0,9
2019,6.0,1,12
2019,7.2,1,5
2019,6.9,0,5
2019,6.046368501529051,0,5
2022,8.4,1,6
2022,6.5,0,1
2022,7.1,1,14
2021,8.8,1,18
2022,8.1,1,14
2022,7.0,0,3
2021,7.7,1,3
2022,6.1,1,14
2021,7.2,0,14
2022,6.4,0,16
2021,5.3,0,1
2021,7.1,0,4
2021,5.9,0,8
2021,5.4,0,14
2021,5.0,1,4
2021,5.4,0,10
2021,6.1,0,3
2021,5.9,0,2
2022,5.1,1,3
2021,6.1,1,6
2022,5.9,1,6
2021,5.6,0,16
2021,7.0,1,12
2021,5.0,0,3
2021,5.4,0,10
2022,5.8,0,13
2021,6.5,1,3
2021,6.3,1,4
2021,7.0,0,5
2022,4.8,1,12
2021,6.8,1,3
2021,5.2,0,16
2021,7.2,1,8
2021,6.1,0,4
2021,7.5,0,3
2021,5.6,0,3
2022,7.6,1,2
2021,8.2,1,12
2021,3.9,0,10
2022,6.8,1,12
2022,6.8,0,6
2021,5.7,0,4
2021,8.7,1,5
2021,3.7,1,7
2022,6.046368501529051,1,4
2021,6.8,1,6
2021,5.4,0,3
2021,6.8,1,3
2022,2.7,1,3
2021,8.1,0,11
2021,7.6,0,3
2021,7.8,0,3
2021,5.3,1,3
2021,1.7,0,6
2021,7.3,0,3
2021,7.2,0,5
2021,7.3,0,5
2021,6.7,1,12
2021,7.9,1,5
2021,7.0,1,11
2021,6.1,0,14
2021,3.9,0,3
2021,7.9,1,4
2022,9.4,0,5
2021,5.2,0,3
2021,7.3,1,5
2021,5.2,0,11
2021,3.5,1,3
2021,8.2,0,5
2021,6.7,0,11
2021,5.8,0,16
2021,5.4,1,4
2022,6.046368501529051,1,11
2021,7.3,0,5
2021,8.9,1,5
2021,4.7,1,12
2021,6.3,0,5
2021,8.8,0,5
2021,5.1,1,2
2021,5.6,0,5
2021,7.5,0,5
2021,5.3,0,16
2021,2.3,1,3
2021,6.046368501529051,0,5
2021,5.5,0,5
2021,6.046368501529051,0,5
2021,7.6,0,5
2021,6.046368501529051,1,5
2021,7.7,0,5
2021,5.4,1,12
2021,4.6,0,5
